evidence_id,evidence_type,source_ref,statement,authority,maturity,eaif_domain,stakeholder,technology_context,notes
EVID-001,source,SRC-001,"TBS AI Strategy provides authoritative federal context for responsible and AI-ready adoption.",GC/TBS,confirmed,"Principles and governance",TBS,,"Confirm the current approved version before final publication."
EVID-002,decision,DR-0001,"GitHub is the working source-control and orchestration layer for AI-assisted document generation; humans approve merges and SACR remains the repository of record.",EA working position,confirmed,"Evidence and delivery","Enterprise Architecture",GitHub,"Working document-factory decision."
EVID-003,source,SRC-003,"AI Readiness - Data Perspective identifies data architecture, governance and readiness as prerequisites for scalable AI adoption.",EA working position,strong signal,"Data readiness","EA / OCDO","Data architecture","Working architecture input; retain working status."
EVID-004,source,SRC-004,"PATH briefing describes an emerging Protected B AI service/control-plane position.",EA working position,emerging,"Platform architecture and routing","EA / DTB",PATH,"Do not present the target role as approved unless validated."
EVID-005,source,SRC-005,"HAIL briefing describes HAIL as an AI runtime / analytics environment with production-governance and operationalization considerations.",EA working position,emerging,"Platform architecture and routing","EA / HAIL",HAIL,"Do not collapse PATH and HAIL into one approved target-state platform by assumption."
EVID-006,source,SRC-006,"Purview briefing describes an emerging enterprise data-governance control-plane position.",EA working position,emerging,"Data governance","EA / Data Governance",Purview,"Describe coverage and limitations; do not imply blanket compliance."
EVID-007,intel,INTEL-011,"DADM/AIA governance analysis supports early governance triage and distinguishing universal AI intake from obligations that apply when automated-decision scope criteria are met.",EA working position,strong signal,"Governance and accountability","OCDO / EA / Program","DADM / AIA","Working analysis; validate against current TBS policy before final publication."
EVID-008,source,SRC-008,"PMRA briefing provides a platform-shaping regulatory-science demand example suitable for testing the EAIF lifecycle.",EA working position,emerging,"Reference implementation","PMRA / EA","Regulatory science AI","Candidate reference implementation; current workload/status must be validated before publication."
EVID-009,repository-control,AGENTS.md,"Repository agent rules require distinguishing approved source material, working EA interpretation, open decisions and recommendations, and require evidence gaps to be flagged.",EA working position,confirmed,"Evidence and drafting governance","Enterprise Architecture",GitHub,"Repository control governing bot-assisted drafting."
